"Timestamp","Team name","Team size (between 2-3)","List members name and their email address separated by comma","Contact person: Full name (select one team member as a contact person for your team)"
"2023/08/29 6:18:49 PM AST","Cyrille & Gabriel & Pierre-Chanel","3","gabriel jobert: gabriel.jobert@hec.ca | Cyrille kouassi : kouassi-cyrille.kouassi@hec.ca | Pierre-Chanel MANGIN: pierre-chanel.mangin@hec.ca","Pierre-Chanel MANGIN"
"2023/08/29 6:19:36 PM AST","Gamma A - team","3","Sebastian Cabrera sebastian.cabrera-malik@hec.ca, Nannan Du  nannan.du@hec.ca, yue.4.zhang@hec.ca [yue zhang}","Sebastian Cabrera"
"2023/08/29 6:22:12 PM AST","GPT wannabes","3","Farah Atieh, farah.atieh@hec.ca,Yubo Guo, yubo.guo@hec.ca, Seraphine Ogmen, seraphine.ogmen@hec.ca ","Farah Atieh"
"2023/08/29 6:22:50 PM AST","Rough Diamands","3","Andy Mai, andy.mai@hec.ca, Marie-Gloire Soku marie-gloire-ayowa.soku@hec.ca, rebecca ngalula rebecca.ngalula@hec.ca","Marie-Gloire Soku"
"2023/08/29 6:23:41 PM AST","NST","3","Nastaran Behzadpour, nastaran.behzadpour@hec.ca, Taha Varol, taha.varol@hec.ca, silvana, silvana.libreros@hec.ca","Taha Varol"
"2023/08/29 6:24:23 PM AST","Risk Minds Data Guardians","3","Shayan Nayemi seyed-shayan.nazemi@hec.ca, Sahel Hajivand sahel.hajivand@hec.ca, Raphaël Radzuweit raphael.radzuweit@hec.ca","Raphaël Radzuweit"
"2023/08/29 6:31:08 PM AST","Data Divers","3","Hassen Kammoun, hassen.kammoun@hec.ca, Amal Koodoruth, amal.koodoruth@hec.ca, Aicha Camara, aicha.camara@hec.ca","Hassen Kammoun"
"2023/08/30 5:28:47 PM AST","KHY","3","Yassir Benkouira, yassir.benkouira@hec.ca ; Hong Zhao, hong.zhao@hec.ca ; Kamel Yousri Amrouche, kamel-yousri.amrouche@hec.ca","Yassir Benkouira"
"2023/08/31 5:49:33 PM AST","Dasen Xun Jordan","3","Dasen Ye, Dasen.Ye@hec.ca, Xun.Lu@hec.ca, Jordan Dionne, Jordan.Dionne@hec.ca","Jordan Dionne"